Time - Plot 0,Pulley Movement (cm) - Plot 0
0,0
0.01,0
0.01,0
0.01,0
0.02,0
0.03,0
0.03,0
0.04,0
0.04,0
0.04,0
0.05,0
0.06,0
0.06,0
0.07,0
0.07,0
0.07,0
0.08,0
0.09,0
0.09,0
0.1,0
0.1,0
0.1,0
0.11,0
0.12,0
0.12,0
0.12,0
0.13,0
0.14,0
0.14,0
0.14,0
0.15,0
0.15,0
0.16,0
0.17,0
0.17,0
0.18,0
0.18,0
0.18,0
0.19,0
0.2,0
0.2,0
0.21,0
0.21,0
0.21,0
0.22,0
0.23,0
0.23,0
0.24,0
0.24,0
0.24,0
0.25,0
0.26,0
0.26,0
0.27,0
0.27,0
0.28,0
0.28,0
0.29,0
0.29,0
0.29,0
0.3,0
0.3,0
0.31,0
0.32,0
0.32,0
0.33,0
0.33,0
0.34,0
0.34,0
0.35,0
0.35,0
0.35,0
0.36,0
0.36,0
0.37,0
0.37,0
0.38,0
0.39,0
0.39,0
0.4,0
0.4,0
0.41,0
0.41,0
0.42,0
0.42,0
0.42,0
0.43,0
0.43,0
0.44,0
0.45,0
0.45,0
0.46,0
0.46,0
0.47,0
0.47,0
0.48,0
0.48,0
0.48,0
0.49,0
0.49,0
0.5,0
0.51,0
0.51,0
0.52,0
0.52,0
0.53,0
0.53,0
0.54,0
0.54,0
0.55,0
0.55,0
0.56,0
0.56,0
0.57,0
0.57,0
0.58,0
0.58,0
0.58,0
0.59,0
0.59,0
0.6,0
0.6,0
0.61,0
0.61,0
0.62,0
0.62,0
0.63,0
0.64,0
0.64,0
0.65,0
0.65,0
0.66,0
0.66,0
0.67,0
0.67,0
0.68,0
0.68,0
0.69,0
0.69,0
0.7,0
0.7,0
0.7,0
0.71,0
0.71,0
0.72,0
0.72,0
0.73,0
0.73,0
0.74,0
0.74,0
0.75,0
0.76,0
0.76,0
0.77,0
0.77,0
0.78,0
0.78,0
0.79,0
0.79,0
0.8,0
0.8,0
0.81,0
0.81,0
0.82,0
0.82,0
0.83,0
0.83,0
0.83,0
0.84,0
0.84,0
0.85,0
0.85,0
0.86,0
0.86,0
0.87,0
0.87,0
0.88,0
0.89,0
0.89,0
0.9,0
0.9,0
0.91,0
0.91,0
0.92,0
0.92,0
0.93,0
0.93,0
0.94,0
0.94,0
0.95,0
0.95,0
0.96,0
0.96,0
0.96,0
0.97,0
0.97,0
0.98,0
0.98,0
0.99,0
0.99,0
1,0
1.01,0
1.01,0
1.02,0
1.02,0
1.02,0
1.03,0
1.03,0
1.04,0
1.04,0
1.05,0
1.05,0
1.06,0
1.06,0
1.07,0
1.07,0
1.08,0
1.08,0
1.09,0
1.09,0
1.1,0
1.1,0
1.11,0
1.11,0
1.12,0
1.12,0
1.13,0
1.14,0
1.14,0
1.15,0
1.15,0
1.16,0
1.16,0
1.17,0
1.17,0
1.18,0
1.18,0
1.19,0
1.19,0
1.2,0
1.2,0
1.21,0
1.21,0
1.22,0
1.22,0
1.23,0
1.23,0
1.24,0
1.24,0
1.25,0
1.25,0
1.26,0
1.26,0
1.27,0
1.27,0
1.28,0
1.28,0
1.28,0
1.29,0
1.29,0
1.3,0
1.3,0
1.31,0
1.31,0
1.32,0
1.32,0
1.33,0
1.33,0
1.34,0
1.34,0
1.35,0
1.35,0
1.36,0
1.36,0
1.37,0
1.37,0
1.38,0
1.39,0
1.39,0
1.4,0
1.4,0
1.41,0
1.41,0
1.42,0
1.42,0
1.43,0
1.43,0
1.44,0
1.44,0
1.45,0
1.45,0
1.46,0
1.46,0
1.47,0
1.47,0
1.48,0
1.48,0
1.49,0
1.49,0
1.5,0
1.5,0
1.51,0
1.51,0
1.52,0
1.52,0
1.53,0
1.53,0
1.54,0
1.54,0
1.54,0
1.55,0
1.55,0
1.56,0
1.56,0
1.57,0
1.57,0
1.58,0
1.58,0
1.59,0
1.59,0
1.6,0
1.6,0
1.61,0
1.61,0
1.62,0
1.62,0
1.63,0
1.64,0
1.64,0
1.65,0
1.65,0
1.66,0
1.66,0
1.67,0
1.67,0
1.68,0
1.68,0
1.69,0
1.69,0
1.7,0
1.7,0
1.71,0
1.71,0
1.72,0
1.72,0
1.73,0
1.73,0
1.74,0
1.74,0
1.75,0
1.75,0
1.76,0
1.76,0
1.77,0
1.77,0
1.78,0
1.78,0
1.79,0
1.79,0
1.79,0
1.8,0
1.8,0
1.81,0
1.81,0
1.82,0
1.82,0
1.83,0
1.83,0
1.84,0
1.84,0
1.85,0
1.85,0
1.86,0
1.86,0
1.87,0
1.87,0
1.88,0
1.89,0
1.89,0
1.9,0
1.9,0
1.91,0
1.91,0
1.92,0
1.92,0
1.93,0
1.93,0
1.94,0
1.94,0
1.95,0
1.95,0
1.96,0
1.96,0
1.97,0
1.97,0
1.98,0
1.98,0
1.99,0
1.99,0
2,0
2,0
2,0
2.01,0
2.02,0
2.02,0
2.02,0
2.03,0
2.04,0
2.04,0
2.04,0
2.05,0
2.06,0
2.06,0
2.06,0
2.07,0
2.08,0
2.08,0
2.08,0
2.09,0
2.1,0
2.1,0
2.1,0
2.11,0
2.12,0
2.12,0
2.12,0
2.13,0
2.14,0
2.14,0
2.15,0
2.15,0
2.16,0
2.16,0
2.17,0
2.17,0
2.18,0
2.18,0
2.19,0
2.19,0
2.19,0
2.2,0
2.21,0
2.21,0
2.21,0
2.22,0
2.23,0
2.23,0
2.23,0
2.24,0
2.25,0
2.25,0
2.25,0
2.26,0
2.27,0
2.27,0
2.27,0
2.28,0
2.29,0
2.29,0
2.29,0
2.3,0
2.31,0
2.31,0
2.31,0
2.32,0
2.33,0
2.33,0
2.33,0
2.34,0
2.35,0
2.35,0
2.35,0
2.36,0
2.37,0
2.37,0
2.37,0
2.38,0
2.39,0
2.39,0
2.4,0
2.4,0
2.41,0
2.41,0
2.42,0
2.42,0
2.43,0
2.43,0
2.44,0
2.44,0
2.44,0
2.45,0
2.46,0
2.46,0
2.46,0
2.47,0
2.48,0
2.48,0
2.48,0
2.49,0
2.5,0
2.5,0
2.5,0
2.51,0
2.52,0
2.52,0
2.52,0
2.53,0
2.54,0
2.54,0
2.54,0
2.55,0
2.56,0
2.56,0
2.56,0
2.57,0
2.58,0
2.58,0
2.58,0
2.59,0
2.6,0
2.6,0
2.6,0
2.61,0
2.62,0
2.62,0
2.62,0
2.63,0
2.64,0
2.64,0
2.65,0
2.65,0
2.66,0
2.66,0
2.67,0
2.67,0
2.68,0
2.68,0
2.69,0
2.69,0
2.69,0
2.7,0
2.71,0
2.71,0
2.71,0
2.72,0
2.73,0
2.73,0
2.73,0
2.74,0
2.75,0
2.75,0
2.75,0
2.76,0
2.77,0
2.77,0
2.77,0
2.78,0
2.79,0
2.79,0
2.79,0
2.8,0
2.81,0
2.81,0
2.81,0
2.82,0
2.83,0
2.83,0
2.83,0
2.84,0
2.85,0
2.85,0
2.85,0
2.86,0
2.87,0
2.87,0
2.87,0
2.88,0
2.89,0
2.89,0
2.9,0
2.9,0
2.91,0
2.91,0
2.92,0
2.92,0
2.93,0
2.93,0
2.94,0
2.94,0
2.94,0
2.95,0
2.96,0
2.96,0
2.96,0
2.97,0
2.98,0
2.98,0
2.98,0
2.99,0
3,0
3,0
3,0
3.01,0
3.02,0
3.02,0
3.02,0
3.03,0
3.04,0
3.04,0
3.04,0
3.05,0
3.06,0
3.06,0
3.06,0
3.07,0
3.08,0
3.08,0
3.08,0
3.09,0
3.1,0
3.1,0
3.1,0
3.11,0
3.12,0
3.12,0
3.12,0
3.13,0
3.14,0
3.14,0
3.15,0
3.15,0
3.16,0
3.16,0
3.17,0
3.17,0
3.18,0
3.18,0
3.19,0
3.19,0
3.2,0
3.2,0
3.21,0
3.21,0
3.21,0
3.22,0
3.23,0
3.23,0
3.23,0.007383
3.24,0.007383
3.25,0.007383
3.25,0.007383
3.25,0.007383
3.26,0.007383
3.27,0.007383
3.27,0.007383
3.27,0.007383
3.28,0.01477
3.29,0.01477
3.29,0.01477
3.29,0.01477
3.3,0.02215
3.31,0.02215
3.31,0.02953
3.31,0.02953
3.32,0.02953
3.33,0.03691
3.33,0.03691
3.33,0.0443
3.34,0.05168
3.35,0.05906
3.35,0.05906
3.35,0.07383
3.36,0.08121
3.37,0.08859
3.37,0.09598
3.37,0.1034
3.38,0.1107
3.39,0.1255
3.39,0.1329
3.4,0.1403
3.4,0.155
3.41,0.1624
3.41,0.1772
3.42,0.192
3.42,0.2067
3.43,0.2141
3.43,0.2363
3.44,0.2436
3.44,0.2658
3.45,0.2805
3.45,0.3027
3.46,0.3248
3.46,0.3396
3.46,0.3618
3.47,0.3839
3.48,0.4061
3.48,0.4282
3.48,0.4504
3.49,0.4725
3.5,0.4946
3.5,0.5168
3.5,0.5389
3.51,0.5611
3.52,0.5759
3.52,0.598
3.52,0.6202
3.53,0.6423
3.54,0.6645
3.54,0.6792
3.54,0.7014
3.55,0.7087
3.56,0.7309
3.56,0.7457
3.56,0.7604
3.57,0.7752
3.58,0.79
3.58,0.8047
3.58,0.8195
3.59,0.8343
3.6,0.849
3.6,0.8564
3.6,0.8638
3.61,0.8786
3.62,0.8859
3.62,0.8933
3.62,0.9007
3.63,0.9155
3.64,0.9155
3.64,0.9229
3.65,0.9229
3.65,0.9229
3.66,0.9229
3.66,0.9229
3.67,0.9229
3.67,0.9229
3.68,0.9155
3.68,0.9155
3.69,0.9081
3.69,0.9007
3.7,0.8933
3.7,0.8933
3.71,0.8859
3.71,0.8712
3.71,0.8638
3.72,0.8564
3.73,0.849
3.73,0.8343
3.73,0.8269
3.74,0.8195
3.75,0.8121
3.75,0.8047
3.75,0.7973
3.76,0.79
3.77,0.7826
3.77,0.7752
3.77,0.7678
3.78,0.7678
3.79,0.753
3.79,0.753
3.79,0.7457
3.8,0.7383
3.81,0.7309
3.81,0.7309
3.81,0.7235
3.82,0.7161
3.83,0.7087
3.83,0.7087
3.83,0.7014
3.84,0.7014
3.85,0.694
3.85,0.694
3.85,0.6866
3.86,0.6866
3.87,0.6866
3.87,0.6866
3.87,0.6866
3.88,0.694
3.89,0.694
3.89,0.694
3.9,0.7014
3.9,0.7014
3.91,0.7087
3.91,0.7087
3.92,0.7161
3.92,0.7235
3.93,0.7235
3.93,0.7309
3.94,0.7383
3.94,0.7383
3.95,0.7457
3.95,0.753
3.96,0.7604
3.96,0.7678
3.97,0.7752
3.97,0.7826
3.98,0.79
3.98,0.7973
3.98,0.8047
3.99,0.8121
4,0.8269
4,0.8343
4,0.8416
4.01,0.8564
4.01,0.8638
4.02,0.8712
4.03,0.8859
4.03,0.8933
4.04,0.9081
4.04,0.9155
4.04,0.9302
4.05,0.945
4.05,0.9524
4.06,0.9671
4.07,0.9745
4.07,0.9893
4.08,0.9967
4.08,1.004
4.08,1.011
4.09,1.019
4.09,1.026
4.1,1.026
4.11,1.034
4.11,1.034
4.12,1.041
4.12,1.048
4.12,1.048
4.13,1.056
4.13,1.056
4.14,1.063
4.15,1.063
4.15,1.071
4.16,1.078
4.16,1.078
4.17,1.085
4.17,1.093
4.17,1.093
4.18,1.1
4.19,1.1
4.19,1.107
4.2,1.107
4.2,1.115
4.21,1.115
4.21,1.115
4.21,1.122
4.22,1.122
4.22,1.122
4.23,1.122
4.24,1.122
4.24,1.122
4.25,1.122
4.25,1.122
4.25,1.122
4.26,1.122
4.26,1.122
4.27,1.122
4.28,1.122
4.28,1.115
4.29,1.115
4.29,1.115
4.29,1.115
4.3,1.115
4.3,1.115
4.31,1.115
4.32,1.115
4.32,1.115
4.33,1.115
4.33,1.115
4.33,1.107
4.34,1.107
4.34,1.107
4.35,1.107
4.36,1.1
4.36,1.1
4.37,1.093
4.37,1.093
4.37,1.093
4.38,1.085
4.38,1.085
4.39,1.078
4.4,1.078
4.4,1.071
4.41,1.071
4.41,1.071
4.42,1.071
4.42,1.063
4.42,1.063
4.43,1.063
4.44,1.063
4.44,1.063
4.45,1.063
4.45,1.063
4.46,1.063
4.46,1.063
4.46,1.063
4.47,1.063
4.48,1.063
4.48,1.063
4.49,1.063
4.49,1.063
4.5,1.063
4.5,1.063
4.5,1.063
4.51,1.071
4.51,1.071
4.52,1.071
4.53,1.071
4.53,1.078
4.54,1.078
4.54,1.085
4.54,1.093
4.55,1.093
4.55,1.1
4.56,1.107
4.57,1.115
4.57,1.122
4.58,1.13
4.58,1.137
4.58,1.144
4.59,1.144
4.59,1.152
4.6,1.159
4.61,1.166
4.61,1.174
4.62,1.181
4.62,1.181
4.62,1.189
4.63,1.196
4.63,1.203
4.64,1.211
4.65,1.218
4.65,1.233
4.66,1.24
4.66,1.248
4.67,1.255
4.67,1.27
4.67,1.277
4.68,1.285
4.69,1.299
4.69,1.307
4.7,1.322
4.7,1.329
4.71,1.336
4.71,1.351
4.71,1.358
4.72,1.366
4.73,1.381
4.73,1.388
4.74,1.403
4.74,1.41
4.75,1.417
4.75,1.432
4.75,1.44
4.76,1.447
4.76,1.462
4.77,1.469
4.78,1.477
4.78,1.484
4.79,1.499
4.79,1.506
4.79,1.513
4.8,1.521
4.8,1.528
4.81,1.536
4.82,1.543
4.82,1.543
4.83,1.55
4.83,1.558
4.83,1.565
4.84,1.565
4.84,1.573
4.85,1.573
4.86,1.58
4.86,1.58
4.87,1.587
4.87,1.595
4.87,1.595
4.88,1.595
4.88,1.602
4.89,1.609
4.9,1.609
4.9,1.617
4.91,1.624
4.91,1.624
4.92,1.632
4.92,1.639
4.92,1.646
4.93,1.654
4.94,1.654
4.94,1.661
4.95,1.669
4.95,1.676
4.96,1.683
4.96,1.691
4.96,1.698
4.97,1.698
4.98,1.713
4.98,1.713
4.99,1.72
4.99,1.728
5,1.735
5,1.735
5,1.742
5.01,1.75
5.01,1.757
5.02,1.764
5.03,1.772
5.03,1.779
5.04,1.787
5.04,1.794
5.04,1.801
5.05,1.809
5.05,1.824
5.06,1.831
5.07,1.838
5.07,1.853
5.08,1.86
5.08,1.868
5.08,1.883
5.09,1.89
5.09,1.905
5.1,1.912
5.11,1.92
5.11,1.934
5.12,1.942
5.12,1.949
5.12,1.956
5.13,1.964
5.13,1.979
5.14,1.986
5.15,1.993
5.15,2.001
5.16,2.008
5.16,2.016
5.17,2.023
5.17,2.03
5.17,2.038
5.18,2.045
5.19,2.052
5.19,2.052
5.2,2.06
5.2,2.067
5.21,2.075
5.21,2.075
5.21,2.082
5.22,2.082
5.23,2.089
5.23,2.089
5.24,2.097
5.24,2.097
5.25,2.097
5.25,2.097
5.25,2.097
5.26,2.097
5.26,2.097
5.27,2.097
5.28,2.097
5.28,2.097
5.29,2.097
5.29,2.097
5.29,2.104
5.3,2.104
5.3,2.104
5.31,2.104
5.32,2.104
5.32,2.111
5.33,2.111
5.33,2.111
5.33,2.119
5.34,2.119
5.34,2.126
5.35,2.126
5.36,2.126
5.36,2.126
5.37,2.134
5.37,2.134
5.37,2.141
5.38,2.141
5.38,2.148
5.39,2.148
5.4,2.156
5.4,2.156
5.41,2.156
5.41,2.163
5.42,2.171
5.42,2.171
5.42,2.178
5.43,2.185
5.44,2.185
5.44,2.193
5.45,2.2
5.45,2.207
5.46,2.215
5.46,2.222
5.46,2.23
5.47,2.237
5.48,2.244
5.48,2.252
5.49,2.259
5.49,2.274
5.5,2.274
5.5,2.281
5.5,2.289
5.51,2.303
5.51,2.303
5.52,2.311
5.53,2.318
5.53,2.326
5.54,2.333
5.54,2.34
5.54,2.34
5.55,2.348
5.55,2.355
5.56,2.363
5.57,2.37
5.57,2.377
5.58,2.377
5.58,2.385
5.58,2.392
5.59,2.399
5.59,2.407
5.6,2.407
5.61,2.414
5.61,2.422
5.62,2.422
5.62,2.429
5.62,2.436
5.63,2.444
5.63,2.444
5.64,2.451
5.65,2.451
5.65,2.458
5.66,2.458
5.66,2.466
5.67,2.466
5.67,2.473
5.67,2.473
5.68,2.473
5.69,2.481
5.69,2.481
5.7,2.481
5.7,2.488
5.71,2.488
5.71,2.495
5.71,2.495
5.72,2.495
5.73,2.503
5.73,2.503
5.74,2.51
5.74,2.51
5.75,2.518
5.75,2.525
5.75,2.525
5.76,2.532
5.76,2.54
5.77,2.547
5.78,2.547
5.78,2.554
5.79,2.562
5.79,2.569
5.79,2.577
5.8,2.577
5.8,2.584
5.81,2.591
5.82,2.599
5.82,2.606
5.83,2.614
5.83,2.621
5.83,2.628
5.84,2.628
5.84,2.636
5.85,2.643
5.86,2.658
5.86,2.665
5.87,2.673
5.87,2.68
5.87,2.687
5.88,2.702
5.88,2.709
5.89,2.724
5.9,2.732
5.9,2.746
5.91,2.754
5.91,2.769
5.92,2.776
5.92,2.791
5.92,2.805
5.93,2.813
5.94,2.82
5.94,2.835
5.95,2.85
5.95,2.865
5.96,2.872
5.96,2.887
5.96,2.894
5.97,2.909
5.98,2.924
5.98,2.931
5.99,2.946
5.99,2.953
6,2.968
6,2.983
6,2.99
6.01,2.997
6.02,3.012
6.02,3.02
6.03,3.027
6.03,3.042
6.04,3.049
6.04,3.056
6.04,3.064
6.05,3.071
6.05,3.079
6.06,3.086
6.07,3.093
6.07,3.093
6.08,3.101
6.08,3.101
6.08,3.108
6.09,3.108
6.09,3.116
6.1,3.116
6.11,3.116
6.11,3.116
6.12,3.116
6.12,3.123
6.12,3.123
6.13,3.123
6.13,3.123
6.14,3.123
6.15,3.123
6.15,3.123
6.16,3.123
6.16,3.123
6.17,3.123
6.17,3.123
6.17,3.123
6.18,3.123
6.19,3.123
6.19,3.123
6.2,3.13
6.2,3.13
6.21,3.13
6.21,3.13
6.21,3.13
6.22,3.13
6.23,3.13
6.23,3.138
6.24,3.138
6.24,3.138
6.25,3.145
6.25,3.145
6.25,3.152
6.26,3.152
6.27,3.16
6.27,3.16
6.28,3.167
6.28,3.167
6.29,3.175
6.29,3.182
6.29,3.189
6.3,3.197
6.3,3.204
6.31,3.212
6.32,3.219
6.32,3.226
6.33,3.234
6.33,3.248
6.33,3.256
6.34,3.263
6.34,3.271
6.35,3.278
6.36,3.293
6.36,3.3
6.37,3.308
6.37,3.322
6.37,3.337
6.38,3.344
6.38,3.352
6.39,3.367
6.4,3.381
6.4,3.396
6.41,3.403
6.41,3.411
6.42,3.426
6.42,3.44
6.42,3.448
6.43,3.463
6.44,3.47
6.44,3.485
6.45,3.492
6.45,3.499
6.46,3.514
6.46,3.522
6.46,3.529
6.47,3.536
6.48,3.544
6.48,3.551
6.49,3.559
6.49,3.566
6.5,3.573
6.5,3.581
6.5,3.588
6.51,3.595
6.52,3.603
6.52,3.603
6.53,3.61
6.53,3.618
6.54,3.625
6.54,3.632
6.54,3.632
6.55,3.64
6.55,3.647
6.56,3.647
6.57,3.654
6.57,3.662
6.58,3.662
6.58,3.662
6.58,3.669
6.59,3.669
6.59,3.677
6.6,3.677
6.61,3.677
6.61,3.684
6.62,3.684
6.62,3.684
6.62,3.691
6.63,3.691
6.63,3.691
6.64,3.691
6.65,3.699
6.65,3.699
6.66,3.699
6.66,3.706
6.67,3.706
6.67,3.714
6.67,3.721
6.68,3.721
6.69,3.728
6.69,3.736
6.7,3.743
6.7,3.743
6.71,3.75
6.71,3.758
6.71,3.765
6.72,3.773
6.73,3.78
6.73,3.787
6.74,3.795
6.74,3.81
6.75,3.817
6.75,3.824
6.75,3.832
6.76,3.839
6.77,3.854
6.77,3.861
6.78,3.869
6.78,3.883
6.79,3.898
6.79,3.906
6.79,3.92
6.8,3.928
6.8,3.942
6.81,3.957
6.82,3.965
6.82,3.979
6.83,3.987
6.83,4.001
6.83,4.016
6.84,4.024
6.84,4.038
6.85,4.046
6.86,4.053
6.86,4.068
6.87,4.075
6.87,4.083
6.87,4.097
6.88,4.105
6.88,4.112
6.89,4.127
6.9,4.134
6.9,4.149
6.91,4.157
6.91,4.171
6.92,4.179
6.92,4.193
6.92,4.201
6.93,4.208
6.94,4.223
6.94,4.23
6.95,4.238
6.95,4.238
6.96,4.245
6.96,4.253
6.96,4.253
6.97,4.253
6.98,4.253
6.98,4.253
6.99,4.253
6.99,4.253
7,4.253
7,4.253
7,4.253
7.01,4.253
7.02,4.245
7.02,4.245
7.03,4.238
7.03,4.238
7.04,4.238
7.04,4.23
7.04,4.23
7.05,4.223
7.05,4.223
7.06,4.223
7.07,4.216
7.07,4.216
7.08,4.208
7.08,4.208
7.08,4.208
7.09,4.201
7.09,4.201
7.1,4.201
7.11,4.201
7.11,4.201
7.12,4.193
7.12,4.193
7.12,4.193
7.13,4.193
7.13,4.193
7.14,4.193
7.15,4.193
7.15,4.193
7.16,4.193
7.16,4.193
7.17,4.193
7.17,4.193
7.17,4.193
7.18,4.193
7.19,4.193
7.19,4.193
7.2,4.193
7.2,4.193
7.21,4.193
7.21,4.193
7.21,4.193
7.22,4.193
7.23,4.193
7.23,4.201
7.24,4.201
7.24,4.201
7.25,4.201
7.25,4.208
7.25,4.208
7.26,4.208
7.27,4.216
7.27,4.216
7.28,4.223
7.28,4.223
7.29,4.23
7.29,4.238
7.29,4.238
7.3,4.245
7.3,4.253
7.31,4.253
7.32,4.26
7.32,4.26
7.33,4.267
7.33,4.267
7.33,4.275
7.34,4.275
7.34,4.282
7.35,4.282
7.36,4.282
7.36,4.289
7.37,4.289
7.37,4.289
7.37,4.297
7.38,4.297
7.38,4.304
7.39,4.304
7.4,4.312
7.4,4.312
7.41,4.312
7.41,4.319
7.42,4.326
7.42,4.326
7.42,4.334
7.43,4.334
7.44,4.341
7.44,4.341
7.45,4.348
7.45,4.348
7.46,4.356
7.46,4.356
7.46,4.363
7.47,4.363
7.48,4.371
7.48,4.371
7.49,4.371
7.49,4.371
7.5,4.378
7.5,4.378
7.5,4.378
7.51,4.378
7.52,4.385
7.52,4.385
7.53,4.385
7.53,4.385
7.54,4.385
7.54,4.385
7.54,4.385
7.55,4.385
7.55,4.385
7.56,4.385
7.57,4.385
7.57,4.385
7.58,4.385
7.58,4.385
7.58,4.385
7.59,4.393
7.59,4.393
7.6,4.393
7.61,4.393
7.61,4.393
7.62,4.393
7.62,4.393
7.62,4.393
7.63,4.393
7.63,4.393
7.64,4.393
7.65,4.393
7.65,4.393
7.66,4.393
7.66,4.393
7.67,4.393
7.67,4.393
7.67,4.393
7.68,4.393
7.69,4.393
7.69,4.393
7.7,4.4
7.7,4.4
7.71,4.4
7.71,4.4
7.71,4.408
7.72,4.408
7.73,4.415
7.73,4.415
7.74,4.415
7.74,4.422
7.75,4.422
7.75,4.422
7.75,4.43
7.76,4.43
7.77,4.43
7.77,4.437
7.78,4.437
7.78,4.437
7.79,4.444
7.79,4.444
7.79,4.444
7.8,4.452
7.81,4.452
7.81,4.452
7.82,4.459
7.82,4.459
7.83,4.459
7.83,4.459
7.83,4.467
7.84,4.467
7.84,4.467
7.85,4.474
7.86,4.474
7.86,4.474
7.87,4.481
7.87,4.481
7.87,4.481
7.88,4.489
7.88,4.489
7.89,4.489
7.9,4.496
7.9,4.496
7.91,4.504
7.91,4.504
7.92,4.504
7.92,4.511
7.92,4.511
7.93,4.518
7.94,4.518
7.94,4.526
7.95,4.526
7.95,4.526
7.96,4.533
7.96,4.54
7.96,4.54
7.97,4.548
7.98,4.548
7.98,4.548
7.99,4.555
7.99,4.555
8,4.563
8,4.563
8.01,4.57
8.01,4.57
8.02,4.577
8.02,4.577
8.03,4.585
8.03,4.592
8.04,4.592
8.04,4.599
8.04,4.607
8.05,4.607
8.05,4.614
8.06,4.622
8.06,4.629
8.07,4.636
8.07,4.636
8.08,4.644
8.09,4.651
8.09,4.659
8.1,4.666
8.1,4.666
8.11,4.673
8.11,4.681
8.12,4.681
8.12,4.688
8.12,4.688
8.13,4.688
8.13,4.695
8.14,4.695
8.14,4.695
8.15,4.695
8.15,4.703
8.16,4.703
8.17,4.703
8.17,4.71
8.18,4.71
8.18,4.71
8.19,4.71
8.19,4.71
8.2,4.71
8.2,4.718
8.21,4.718
8.21,4.718
8.21,4.718
8.22,4.718
8.22,4.718
8.23,4.718
8.23,4.718
8.24,4.718
8.25,4.718
8.25,4.718
8.26,4.718
8.26,4.718
8.27,4.718
8.27,4.718
8.28,4.718
8.28,4.725
8.29,4.725
8.29,4.725
8.29,4.732
8.3,4.732
8.3,4.74
8.31,4.74
8.31,4.747
8.32,4.747
8.32,4.755
8.33,4.755
8.34,4.762
8.34,4.762
8.35,4.769
8.35,4.769
8.36,4.777
8.36,4.777
8.37,4.784
8.37,4.784
8.37,4.784
8.38,4.784
8.38,4.791
8.39,4.791
8.39,4.791
8.4,4.799
8.4,4.799
8.41,4.799
8.42,4.806
8.42,4.806
8.43,4.814
8.43,4.814
8.44,4.814
8.44,4.814
8.45,4.821
8.45,4.821
8.46,4.821
8.46,4.828
8.46,4.828
8.47,4.828
8.47,4.828
8.48,4.828
8.48,4.828
8.49,4.828
8.5,4.828
8.5,4.828
8.51,4.828
8.51,4.828
8.52,4.828
8.52,4.828
8.53,4.828
8.53,4.828
8.54,4.828
8.54,4.828
8.54,4.828
8.55,4.828
8.55,4.828
8.56,4.828
8.56,4.828
8.57,4.828
8.58,4.828
8.58,4.828
8.59,4.828
8.59,4.828
8.6,4.828
8.6,4.828
8.61,4.828
8.61,4.828
8.62,4.828
8.62,4.828
8.62,4.828
8.63,4.828
8.63,4.828
8.64,4.828
8.64,4.836
8.65,4.836
8.65,4.836
8.66,4.836
8.67,4.843
8.67,4.843
8.68,4.843
8.68,4.843
8.69,4.851
8.69,4.851
8.7,4.858
8.7,4.858
8.71,4.865
8.71,4.873
8.71,4.873
8.72,4.88
8.72,4.887
8.73,4.895
8.73,4.895
8.74,4.902
8.75,4.91
8.75,4.91
8.76,4.917
8.76,4.924
8.77,4.932
8.77,4.932
8.78,4.932
8.78,4.932
8.79,4.939
8.79,4.939
8.79,4.939
8.8,4.939
8.8,4.939
8.81,4.939
8.81,4.939
8.82,4.939
8.83,4.939
8.83,4.939
8.84,4.939
8.84,4.939
8.85,4.939
8.85,4.939
8.86,4.939
8.86,4.939
8.87,4.939
8.87,4.939
8.87,4.939
8.88,4.939
8.88,4.939
8.89,4.939
8.89,4.939
8.9,4.939
8.9,4.939
8.91,4.939
8.92,4.939
8.92,4.939
8.93,4.939
8.93,4.939
8.94,4.939
8.94,4.939
8.95,4.939
8.95,4.939
8.96,4.939
8.96,4.946
8.96,4.946
8.97,4.946
8.97,4.954
8.98,4.954
8.98,4.961
8.99,4.961
9,4.961
9,4.969
9.01,4.969
9.01,4.969
9.02,4.976
9.02,4.976
9.03,4.976
9.03,4.976
9.04,4.983
9.04,4.983
9.04,4.983
9.05,4.991
9.05,4.991
9.06,4.991
9.06,4.998
9.07,4.998
9.08,4.998
9.08,5.006
9.09,5.006
9.09,5.013
9.1,5.013
9.1,5.013
9.11,5.02
9.11,5.02
9.12,5.02
9.12,5.028
9.12,5.028
9.13,5.028
9.13,5.035
9.14,5.035
9.14,5.035
9.15,5.042
9.15,5.042
9.16,5.042
9.17,5.05
9.17,5.05
9.18,5.05
9.18,5.057
9.19,5.057
9.19,5.057
9.2,5.057
9.2,5.065
9.21,5.065
9.21,5.065
9.21,5.072
9.22,5.072
9.22,5.079
9.23,5.079
9.23,5.079
9.24,5.087
9.25,5.087
9.25,5.094
9.26,5.094
9.26,5.102
9.27,5.102
9.27,5.109
9.28,5.109
9.28,5.109
9.29,5.109
9.29,5.109
9.29,5.116
9.3,5.116
9.3,5.116
9.31,5.116
9.31,5.124
9.32,5.124
9.33,5.124
9.33,5.124
9.34,5.131
9.34,5.131
9.35,5.131
9.35,5.138
9.36,5.138
9.36,5.138
9.37,5.146
9.37,5.146
9.37,5.146
9.38,5.146
9.38,5.153
9.39,5.153
9.39,5.153
9.4,5.153
9.4,5.161
9.41,5.161
9.42,5.161
9.42,5.161
9.43,5.168
9.43,5.168
9.44,5.168
9.44,5.168
9.45,5.175
9.45,5.175
9.46,5.175
9.46,5.175
9.46,5.183
9.47,5.183
9.47,5.183
9.48,5.183
9.48,5.183
9.49,5.19
9.5,5.19
9.5,5.19
9.51,5.19
9.51,5.19
9.52,5.19
9.52,5.19
9.53,5.19
9.53,5.198
9.54,5.198
9.54,5.198
9.54,5.198
9.55,5.198
9.55,5.205
9.56,5.205
9.56,5.205
9.57,5.212
9.58,5.212
9.58,5.22
9.59,5.22
9.59,5.227
9.6,5.227
9.6,5.227
9.61,5.234
9.61,5.234
9.62,5.242
9.62,5.242
9.62,5.249
9.63,5.249
9.63,5.249
9.64,5.249
9.64,5.249
9.65,5.249
9.65,5.249
9.66,5.249
9.67,5.249
9.67,5.249
9.68,5.249
9.68,5.249
9.69,5.249
9.69,5.249
9.7,5.249
9.7,5.249
9.71,5.249
9.71,5.249
9.71,5.249
9.72,5.249
9.72,5.249
9.73,5.249
9.73,5.249
9.74,5.249
9.75,5.249
9.75,5.249
9.76,5.249
9.76,5.249
9.77,5.242
9.77,5.242
9.78,5.242
9.78,5.242
9.79,5.234
9.79,5.234
9.79,5.227
9.8,5.227
9.8,5.227
9.81,5.227
9.81,5.22
9.82,5.22
9.83,5.212
9.83,5.212
9.84,5.212
9.84,5.205
9.85,5.205
9.85,5.198
9.86,5.198
9.86,5.198
9.87,5.19
9.87,5.19
9.87,5.19
9.88,5.183
9.88,5.183
9.89,5.175
9.89,5.175
9.9,5.175
9.9,5.175
9.91,5.168
9.92,5.168
9.92,5.168
9.93,5.168
9.93,5.161
9.94,5.161
9.94,5.161
9.95,5.161
9.95,5.153
9.96,5.153
9.96,5.153
9.96,5.153
9.97,5.153
9.97,5.153
9.98,5.153
9.98,5.153
9.99,5.153
10,5.153
10,5.153
10.01,5.153
10.01,5.153
10.02,5.153
10.02,5.161
10.03,5.161
10.03,5.161
10.04,5.161
10.04,5.161
10.04,5.161
10.05,5.161
10.05,5.161
10.06,5.161
10.06,5.161
10.07,5.161
10.08,5.161
10.08,5.161
10.09,5.161
10.09,5.161
10.1,5.161
10.1,5.161
10.11,5.161
10.11,5.161
10.12,5.161
10.12,5.161
10.12,5.161
10.13,5.161
10.13,5.161
10.14,5.168
10.14,5.168
10.15,5.168
10.15,5.168
10.16,5.168
10.17,5.168
10.17,5.168
10.18,5.168
10.18,5.175
10.19,5.175
10.19,5.175
10.2,5.175
10.2,5.175
10.21,5.175
10.21,5.175
10.21,5.175
10.22,5.175
10.22,5.175
10.23,5.175
10.23,5.175
10.24,5.175
10.25,5.175
10.25,5.168
10.26,5.168
10.26,5.168
10.27,5.168
10.27,5.168
10.28,5.168
10.28,5.168
10.29,5.168
10.29,5.168
10.29,5.168
10.3,5.168
10.3,5.168
10.31,5.168
10.31,5.168
10.32,5.168
10.33,5.168
10.33,5.168
10.34,5.168
10.34,5.168
10.35,5.168
10.35,5.161
10.36,5.161
10.36,5.161
10.37,5.153
10.37,5.153
10.37,5.146
10.38,5.146
10.38,5.138
10.39,5.138
10.39,5.138
10.4,5.131
10.4,5.124
10.41,5.124
10.42,5.116
10.42,5.109
10.43,5.102
10.43,5.102
10.44,5.094
10.44,5.087
10.45,5.079
10.45,5.072
10.46,5.072
10.46,5.065
10.46,5.057
10.47,5.05
10.47,5.05
10.48,5.042
10.48,5.035
10.49,5.028
10.5,5.02
10.5,5.02
10.51,5.013
10.51,5.013
10.52,5.006
10.52,5.006
10.53,4.998
10.53,4.998
10.54,4.998
10.54,4.998
10.54,4.998
10.55,4.998
10.55,4.998
10.56,4.998
10.56,4.998
10.57,4.998
10.58,4.998
10.58,4.998
10.59,4.998
10.59,4.998
10.6,4.998
10.6,4.998
10.61,4.998
10.61,4.998
10.62,4.998
10.62,4.998
10.62,4.998
10.63,4.998
10.63,5.006
10.64,5.006
10.64,5.006
10.65,5.013
10.65,5.013
10.66,5.02
10.67,5.02
10.67,5.028
10.68,5.028
10.68,5.035
10.69,5.035
10.69,5.042
10.7,5.042
10.7,5.05
10.71,5.05
10.71,5.05
10.71,5.05
10.72,5.057
10.72,5.057
10.73,5.057
10.73,5.057
10.74,5.057
10.75,5.057
10.75,5.057
10.76,5.057
10.76,5.057
10.77,5.05
10.77,5.05
10.78,5.05
10.78,5.05
10.79,5.05
10.79,5.05
10.79,5.05
10.8,5.05
10.8,5.05
10.81,5.05
10.81,5.05
10.82,5.05
10.83,5.05
10.83,5.05
10.84,5.05
10.84,5.042
10.85,5.042
10.85,5.042
10.86,5.042
10.86,5.042
10.87,5.042
10.87,5.042
10.87,5.042
10.88,5.042
10.88,5.042
10.89,5.042
10.89,5.042
10.9,5.042
10.9,5.042
10.91,5.042
10.92,5.042
10.92,5.05
10.93,5.05
10.93,5.05
10.94,5.05
10.94,5.05
10.95,5.05
10.95,5.05
10.96,5.057
10.96,5.057
10.96,5.057
10.97,5.057
10.97,5.057
10.98,5.065
10.98,5.065
10.99,5.065
11,5.065
11,5.072
11.01,5.072
11.01,5.072
11.02,5.079
11.02,5.079
11.03,5.079
11.03,5.087
11.04,5.087
11.04,5.087
11.04,5.094
11.05,5.094
11.05,5.094
11.06,5.102
11.06,5.102
11.07,5.102
11.08,5.102
11.08,5.109
11.09,5.109
11.09,5.109
11.1,5.109
11.1,5.109
11.11,5.109
11.11,5.109
11.12,5.109
11.12,5.109
11.12,5.109
11.13,5.116
11.13,5.116
11.14,5.124
11.14,5.124
11.15,5.131
11.15,5.131
11.16,5.138
11.17,5.146
11.17,5.146
11.18,5.153
11.18,5.161
11.19,5.161
11.19,5.161
11.2,5.161
11.2,5.153
11.21,5.138
11.21,5.116
11.21,5.087
11.22,5.035
11.22,4.969
11.23,4.887
11.23,4.799
11.24,4.688
11.25,4.57
11.25,4.452
11.26,4.312
11.26,4.157
11.27,3.994
11.27,3.839
11.28,3.618
11.28,3.507
11.29,3.293
11.29,3.101
11.29,2.872
11.3,2.65
11.3,2.429
11.31,2.193
11.31,1.942
11.32,1.691
11.33,1.454
11.33,1.24
11.34,0.9893
11.34,0.7014
11.35,0.443
11.35,0.2141
11.36,-0.05168
11.36,-0.3248
11.37,-0.5759
11.37,-0.8269
11.37,-1.078
11.38,-1.329
11.38,-1.565
11.39,-1.816
11.39,-2.045
11.4,-2.281
11.4,-2.51
11.41,-2.717
11.42,-2.931
11.42,-3.123
11.43,-3.315
11.43,-3.485
11.44,-3.662
11.44,-3.824
11.45,-3.965
11.45,-4.105
11.46,-4.223
11.46,-4.334
11.46,-4.43
11.47,-4.511
11.47,-4.563
11.48,-4.592
11.48,-4.607
11.49,-4.614
11.5,-4.614
11.5,-4.599
11.51,-4.577
11.51,-4.533
11.52,-4.481
11.52,-4.415
11.53,-4.341
11.53,-4.23
11.54,-4.105
11.54,-3.987
11.54,-3.846
11.55,-3.684
11.55,-3.514
11.56,-3.337
11.56,-3.152
11.57,-2.953
11.58,-2.761
11.58,-2.599
11.59,-2.385
11.59,-2.163
11.6,-1.927
11.6,-1.72
11.61,-1.521
11.61,-1.277
11.62,-1.019
11.62,-0.7678
11.62,-0.502
11.63,-0.1993
11.63,-0.007383
11.64,0.192
11.64,0.443
11.65,0.6645
11.65,0.8712
11.66,1.115
11.67,1.358
11.67,1.587
11.68,1.809
11.68,2.03
11.69,2.207
11.69,2.407
11.7,2.606
11.7,2.791
11.71,2.975
11.71,3.138
11.71,3.263
11.72,3.411
11.72,3.551
11.73,3.691
11.73,3.795
11.74,3.913
11.75,4.024
11.75,4.12
11.76,4.193
11.76,4.238
11.77,4.282
11.77,4.319
11.78,4.334
11.78,4.341
11.79,4.341
11.79,4.341
11.79,4.319
11.8,4.289
11.8,4.26
11.81,4.208
11.81,4.142
11.82,4.075
11.83,3.979
11.83,3.876
11.84,3.758
11.84,3.64
11.85,3.507
11.85,3.367
11.86,3.226
11.86,3.079
11.87,2.916
11.87,2.739
11.87,2.591
11.88,2.407
11.88,2.222
11.89,2.016
11.89,1.809
11.9,1.632
11.9,1.417
11.91,1.181
11.92,0.9598
11.92,0.7383
11.93,0.5094
11.93,0.2879
11.94,0.09598
11.94,-0.1255
11.95,-0.347
11.95,-0.5759
11.96,-0.7973
11.96,-1.019
11.96,-1.24
11.97,-1.454
11.97,-1.691
11.98,-1.816
11.98,-2.06
11.99,-2.237
12,-2.392
12,-2.577
12.01,-2.754
12.01,-2.916
12.02,-3.042
12.02,-3.189
12.03,-3.337
12.03,-3.463
12.04,-3.559
12.04,-3.662
12.04,-3.773
12.05,-3.854
12.05,-3.92
12.06,-3.979
12.06,-4.016
12.07,-4.061
12.08,-4.09
12.08,-4.105
12.09,-4.112
12.09,-4.112
12.1,-4.097
12.1,-4.061
12.11,-4.016
12.11,-3.965
12.12,-3.898
12.12,-3.839
12.12,-3.75
12.13,-3.662
12.13,-3.551
12.14,-3.433
12.14,-3.308
12.15,-3.204
12.16,-3.064
12.16,-2.924
12.17,-2.761
12.17,-2.599
12.18,-2.422
12.18,-2.244
12.19,-2.06
12.19,-1.883
12.2,-1.728
12.2,-1.521
12.21,-1.322
12.21,-1.122
12.21,-0.9081
12.22,-0.7014
12.22,-0.5168
12.23,-0.3027
12.23,-0.08859
12.24,0.1181
12.25,0.3396
12.25,0.502
12.26,0.7014
12.26,0.9155
12.27,1.107
12.27,1.299
12.28,1.491
12.28,1.669
12.29,1.846
12.29,1.986
12.29,2.163
12.3,2.318
12.3,2.473
12.31,2.621
12.31,2.761
12.32,2.894
12.33,3.012
12.33,3.123
12.34,3.204
12.34,3.293
12.35,3.381
12.35,3.463
12.36,3.522
12.36,3.573
12.37,3.618
12.37,3.64
12.37,3.662
12.38,3.677
12.38,3.677
12.39,3.669
12.39,3.647
12.4,3.618
12.41,3.581
12.41,3.529
12.42,3.47
12.42,3.403
12.43,3.322
12.43,3.226
12.44,3.138
12.44,3.027
12.45,2.916
12.45,2.791
12.46,2.665
12.46,2.532
12.46,2.392
12.47,2.252
12.47,2.097
12.48,1.934
12.48,1.764
12.49,1.587
12.5,1.403
12.5,1.248
12.51,1.063
12.51,0.8564
12.52,0.6571
12.52,0.4651
12.53,0.2805
12.53,0.08859
12.54,-0.1034
12.54,-0.3248
12.54,-0.4799
12.55,-0.6718
12.55,-0.8564
12.56,-1.004
12.56,-1.226
12.57,-1.358
12.58,-1.543
12.58,-1.713
12.59,-1.883
12.59,-2.052
12.6,-2.207
12.6,-2.34
12.61,-2.488
12.61,-2.621
12.62,-2.732
12.62,-2.879
12.62,-2.961
12.63,-3.071
12.63,-3.175
12.64,-3.241
12.64,-3.315
12.65,-3.381
12.66,-3.44
12.66,-3.485
12.67,-3.522
12.67,-3.544
12.68,-3.566
12.68,-3.573
12.69,-3.573
12.69,-3.559
12.7,-3.536
12.7,-3.507
12.71,-3.463
12.71,-3.418
12.71,-3.352
12.72,-3.285
12.72,-3.204
12.73,-3.116
12.73,-3.02
12.74,-2.916
12.75,-2.805
12.75,-2.687
12.76,-2.562
12.76,-2.436
12.77,-2.326
12.77,-2.178
12.78,-2.045
12.78,-1.89
12.79,-1.742
12.79,-1.58
12.79,-1.403
12.8,-1.226
12.8,-1.048
12.81,-0.8638
12.81,-0.6792
12.82,-0.5094
12.83,-0.3544
12.83,-0.1772
12.84,0
12.84,0.1772
12.85,0.3544
12.85,0.5242
12.86,0.7014
12.86,0.8712
12.87,1.034
12.87,1.166
12.87,1.314
12.88,1.469
12.88,1.617
12.89,1.764
12.89,1.905
12.9,2.038
12.91,2.171
12.91,2.289
12.92,2.385
12.92,2.495
12.93,2.599
12.93,2.687
12.94,2.776
12.94,2.842
12.95,2.909
12.95,2.961
12.96,3.012
12.96,3.042
12.96,3.071
12.97,3.086
12.97,3.101
12.98,3.101
12.98,3.101
12.99,3.086
13,3.064
13,3.034
13.01,2.99
13.01,2.938
13.02,2.879
13.02,2.82
13.03,2.754
13.03,2.673
13.04,2.577
13.04,2.473
13.04,2.37
13.05,2.281
13.05,2.163
13.06,2.038
13.06,1.912
13.07,1.779
13.08,1.646
13.08,1.499
13.09,1.381
13.09,1.233
13.1,1.071
13.1,0.9081
13.11,0.7383
13.11,0.6054
13.12,0.4356
13.12,0.2658
13.12,0.1181
13.13,-0.05168
13.13,-0.2141
13.14,-0.3765
13.14,-0.5389
13.15,-0.7014
13.16,-0.849
13.16,-1.004
13.17,-1.159
13.17,-1.307
13.18,-1.462
13.18,-1.609
13.19,-1.735
13.19,-1.868
13.2,-2.001
13.2,-2.119
13.21,-2.237
13.21,-2.34
13.21,-2.429
13.22,-2.525
13.22,-2.614
13.23,-2.695
13.23,-2.769
13.24,-2.835
13.25,-2.894
13.25,-2.938
13.26,-2.968
13.26,-3.005
13.27,-3.027
13.27,-3.042
13.28,-3.049
13.28,-3.049
13.29,-3.042
13.29,-3.027
13.29,-3.005
13.3,-2.968
13.3,-2.924
13.31,-2.872
13.31,-2.82
13.32,-2.754
13.33,-2.658
13.33,-2.599
13.34,-2.525
13.34,-2.436
13.35,-2.34
13.35,-2.237
13.36,-2.126
13.36,-2.023
13.37,-1.92
13.37,-1.801
13.37,-1.669
13.38,-1.543
13.38,-1.41
13.39,-1.27
13.39,-1.13
13.4,-0.9819
13.41,-0.8269
13.41,-0.6792
13.42,-0.5316
13.42,-0.3913
13.43,-0.2363
13.43,-0.09598
13.44,0.05168
13.44,0.192
13.45,0.3396
13.45,0.4873
13.46,0.6275
13.46,0.7678
13.46,0.9081
13.47,1.034
13.47,1.166
13.48,1.285
13.48,1.403
13.49,1.513
13.5,1.632
13.5,1.742
13.51,1.846
13.51,1.942
13.52,2.03
13.52,2.119
13.53,2.185
13.53,2.259
13.54,2.326
13.54,2.385
13.54,2.422
13.55,2.466
13.55,2.503
13.56,2.525
13.56,2.54
13.57,2.554
13.58,2.554
13.58,2.554
13.59,2.54
13.59,2.525
13.6,2.495
13.6,2.458
13.61,2.414
13.61,2.37
13.62,2.311
13.62,2.244
13.62,2.171
13.63,2.097
13.63,2.016
13.64,1.92
13.64,1.831
13.65,1.75
13.66,1.646
13.66,1.543
13.67,1.432
13.67,1.322
13.68,1.203
13.68,1.071
13.69,0.945
13.69,0.8047
13.7,0.694
13.7,0.5685
13.71,0.4282
13.71,0.2953
13.71,0.155
13.72,0.01477
13.72,-0.1329
13.73,-0.2584
13.73,-0.3691
13.74,-0.502
13.75,-0.6423
13.75,-0.7678
13.76,-0.8933
13.76,-1.026
13.77,-1.152
13.77,-1.27
13.78,-1.381
13.78,-1.499
13.79,-1.609
13.79,-1.728
13.79,-1.816
13.8,-1.912
13.8,-2.001
13.81,-2.082
13.81,-2.141
13.82,-2.215
13.83,-2.274
13.83,-2.333
13.84,-2.385
13.84,-2.429
13.85,-2.458
13.85,-2.481
13.86,-2.503
13.86,-2.518
13.87,-2.525
13.87,-2.525
13.87,-2.525
13.88,-2.51
13.88,-2.495
13.89,-2.473
13.89,-2.436
13.9,-2.399
13.91,-2.348
13.91,-2.303
13.92,-2.252
13.92,-2.185
13.93,-2.119
13.93,-2.038
13.94,-1.964
13.94,-1.883
13.95,-1.787
13.95,-1.72
13.96,-1.624
13.96,-1.521
13.96,-1.417
13.97,-1.307
13.97,-1.181
13.98,-1.071
13.98,-0.9524
13.99,-0.8416
14,-0.7161
14,-0.5832
14.01,-0.4651
14.01,-0.3396
14.02,-0.2215
14.02,-0.1181
14.03,0
14.03,0.1329
14.04,0.251
14.04,0.3839
14.04,0.502
14.05,0.598
14.05,0.7087
14.06,0.8269
14.06,0.9376
14.07,1.041
14.08,1.122
14.08,1.218
14.09,1.314
14.09,1.403
14.1,1.484
14.1,1.565
14.11,1.639
14.11,1.705
14.12,1.772
14.12,1.824
14.12,1.875
14.13,1.927
14.13,1.964
14.14,2.001
14.14,2.023
14.15,2.045
14.16,2.06
14.16,2.075
14.17,2.075
14.17,2.075
14.18,2.067
14.18,2.052
14.19,2.038
14.19,2.008
14.2,1.979
14.2,1.934
14.21,1.883
14.21,1.853
14.21,1.801
14.22,1.742
14.22,1.676
14.23,1.602
14.23,1.528
14.24,1.454
14.25,1.388
14.25,1.299
14.26,1.211
14.26,1.107
14.27,1.011
14.27,0.9155
14.28,0.8121
14.28,0.7087
14.29,0.6202
14.29,0.5168
14.29,0.3987
14.3,0.2879
14.3,0.1772
14.31,0.06645
14.31,-0.0443
14.32,-0.1329
14.33,-0.2436
14.33,-0.3618
14.34,-0.4651
14.34,-0.5685
14.35,-0.6866
14.35,-0.79
14.36,-0.8859
14.36,-0.9671
14.37,-1.071
14.37,-1.159
14.37,-1.255
14.38,-1.322
14.38,-1.417
14.39,-1.513
14.39,-1.602
14.4,-1.669
14.41,-1.728
14.41,-1.787
14.42,-1.831
14.42,-1.883
14.43,-1.92
14.43,-1.956
14.44,-1.986
14.44,-2.008
14.45,-2.03
14.45,-2.038
14.46,-2.052
14.46,-2.052
14.46,-2.052
14.47,-2.045
14.47,-2.03
14.48,-2.008
14.48,-1.986
14.49,-1.956
14.5,-1.92
14.5,-1.89
14.51,-1.846
14.51,-1.794
14.52,-1.75
14.52,-1.691
14.53,-1.632
14.53,-1.565
14.54,-1.491
14.54,-1.417
14.54,-1.336
14.55,-1.255
14.55,-1.174
14.56,-1.078
14.56,-0.9819
14.57,-0.8859
14.58,-0.79
14.58,-0.7161
14.59,-0.6275
14.59,-0.5242
14.6,-0.4208
14.6,-0.3248
14.61,-0.2215
14.61,-0.1181
14.62,-0.02215
14.62,0.07383
14.62,0.155
14.63,0.251
14.63,0.3544
14.64,0.443
14.64,0.5389
14.65,0.6202
14.66,0.7014
14.66,0.7973
14.67,0.8786
14.67,0.9598
14.68,1.019
14.68,1.093
14.69,1.159
14.69,1.226
14.7,1.285
14.7,1.344
14.71,1.403
14.71,1.432
14.71,1.477
14.72,1.506
14.72,1.543
14.73,1.565
14.73,1.595
14.74,1.609
14.75,1.624
14.75,1.632
14.76,1.632
14.76,1.632
14.77,1.624
14.77,1.617
14.78,1.602
14.78,1.58
14.79,1.55
14.79,1.528
14.79,1.491
14.8,1.454
14.8,1.41
14.81,1.358
14.81,1.307
14.82,1.255
14.83,1.196
14.83,1.137
14.84,1.085
14.84,1.011
14.85,0.945
14.85,0.8712
14.86,0.7973
14.86,0.7161
14.87,0.6349
14.87,0.5463
14.87,0.4799
14.88,0.3913
14.88,0.3027
14.89,0.2067
14.89,0.1181
14.9,0.0443
14.91,-0.05168
14.91,-0.1329
14.92,-0.2289
14.92,-0.3175
14.93,-0.4061
14.93,-0.4799
14.94,-0.5611
14.94,-0.6497
14.95,-0.7309
14.95,-0.8047
14.96,-0.8859
14.96,-0.9598
14.96,-1.034
14.97,-1.093
14.97,-1.152
14.98,-1.218
14.98,-1.27
14.99,-1.322
15,-1.373
15,-1.417
15.01,-1.454
15.01,-1.491
15.02,-1.521
15.02,-1.55
15.03,-1.565
15.03,-1.587
15.04,-1.595
15.04,-1.609
15.04,-1.609
15.05,-1.609
15.05,-1.602
15.06,-1.595
15.06,-1.58
15.07,-1.565
15.08,-1.543
15.08,-1.513
15.09,-1.484
15.09,-1.447
15.1,-1.41
15.1,-1.366
15.11,-1.314
15.11,-1.262
15.12,-1.218
15.12,-1.152
15.12,-1.085
15.13,-1.034
15.13,-0.9671
15.14,-0.8933
15.14,-0.8269
15.15,-0.753
15.16,-0.6792
15.16,-0.598
15.17,-0.5242
15.17,-0.4504
15.18,-0.3691
15.18,-0.2953
15.19,-0.2141
15.19,-0.1403
15.2,-0.07383
15.2,0.007383
15.21,0.08859
15.21,0.1624
15.21,0.2436
15.22,0.3101
15.22,0.3839
15.23,0.4577
15.23,0.5168
15.24,0.5832
15.25,0.6497
15.25,0.7087
15.26,0.7678
15.26,0.8269
15.27,0.8786
15.27,0.9229
15.28,0.9745
15.28,1.019
15.29,1.048
15.29,1.093
15.29,1.122
15.3,1.152
15.3,1.174
15.31,1.196
15.31,1.211
15.32,1.226
15.33,1.233
15.33,1.233
15.34,1.24
15.34,1.24
15.35,1.233
15.35,1.218
15.36,1.203
15.36,1.189
15.37,1.166
15.37,1.144
15.37,1.115
15.38,1.085
15.38,1.048
15.39,1.011
15.39,0.9745
15.4,0.9302
15.41,0.8859
15.41,0.8343
15.42,0.7826
15.42,0.7161
15.43,0.6645
15.43,0.6054
15.44,0.5463
15.44,0.4799
15.45,0.4208
15.45,0.3544
15.46,0.2879
15.46,0.2215
15.46,0.1477
15.47,0.08859
15.47,0.01477
15.48,-0.05168
15.49,-0.1181
15.49,-0.1846
15.5,-0.251
15.5,-0.3175
15.51,-0.3765
15.51,-0.443
15.52,-0.5094
15.52,-0.5685
15.53,-0.6275
15.53,-0.6866
15.54,-0.7309
15.54,-0.79
15.54,-0.8416
15.55,-0.8859
15.55,-0.9376
15.56,-0.9745
15.56,-1.019
15.57,-1.048
15.58,-1.085
15.58,-1.115
15.59,-1.144
15.59,-1.166
15.6,-1.189
15.6,-1.203
15.61,-1.218
15.61,-1.226
15.62,-1.233
15.62,-1.24
15.62,-1.248
15.63,-1.248
15.63,-1.248
15.64,-1.233
15.64,-1.218
15.65,-1.203
15.66,-1.181
15.66,-1.159
15.67,-1.13
15.67,-1.093
15.68,-1.056
15.68,-1.011
15.69,-0.9745
15.69,-0.9302
15.7,-0.8933
15.7,-0.8121
15.71,-0.7604
15.71,-0.7087
15.71,-0.6571
15.72,-0.598
15.72,-0.5463
15.73,-0.502
15.74,-0.443
15.74,-0.3839
15.75,-0.3248
15.75,-0.2732
15.76,-0.2141
15.76,-0.155
15.77,-0.08859
15.77,-0.03691
15.78,0.02215
15.78,0.08121
15.79,0.1329
15.79,0.1772
15.79,0.2363
15.8,0.2879
15.8,0.3396
15.81,0.3913
15.81,0.443
15.82,0.4799
15.83,0.5242
15.83,0.5759
15.84,0.6054
15.84,0.6423
15.85,0.6645
15.85,0.7014
15.86,0.7309
15.86,0.753
15.87,0.7826
15.87,0.7973
15.87,0.8121
15.88,0.8269
15.88,0.8343
15.89,0.8416
15.89,0.849
15.9,0.849
15.91,0.849
15.91,0.849
15.92,0.8416
15.92,0.8343
15.93,0.8195
15.93,0.8047
15.94,0.79
15.94,0.7678
15.95,0.7457
15.95,0.7161
15.96,0.694
15.96,0.6645
15.96,0.6275
15.97,0.598
15.97,0.5611
15.98,0.5242
15.99,0.4873
15.99,0.443
16,0.4061
16,0.3618
16,0.3175
16.01,0.2732
16.02,0.2289
16.02,0.1846
16.02,0.1329
16.03,0.08859
16.04,0.03691
16.04,-0.01477
16.05,-0.05906
16.05,-0.1107
16.05,-0.155
16.06,-0.1993
16.07,-0.2363
16.07,-0.2879
16.07,-0.3322
16.08,-0.3765
16.09,-0.4134
16.09,-0.4577
16.09,-0.4946
16.1,-0.5316
16.11,-0.5685
16.11,-0.6054
16.12,-0.6349
16.12,-0.6718
16.12,-0.7014
16.13,-0.7235
16.14,-0.753
16.14,-0.7678
16.14,-0.79
16.15,-0.8047
16.16,-0.8269
16.16,-0.8343
16.16,-0.8416
16.17,-0.849
16.18,-0.8564
16.18,-0.8564
16.18,-0.8564
16.19,-0.8564
16.2,-0.8564
16.2,-0.849
16.21,-0.8416
16.21,-0.8269
16.21,-0.8195
16.22,-0.7973
16.23,-0.7826
16.23,-0.7604
16.23,-0.7383
16.24,-0.7235
16.25,-0.7014
16.25,-0.6718
16.25,-0.6423
16.26,-0.6202
16.27,-0.5832
16.27,-0.5537
16.27,-0.5242
16.28,-0.4946
16.29,-0.4577
16.29,-0.4208
16.3,-0.3839
16.3,-0.3544
16.3,-0.3175
16.31,-0.2732
16.32,-0.2363
16.32,-0.1993
16.32,-0.1624
16.33,-0.1255
16.34,-0.08121
16.34,-0.0443
16.34,-0.007383
16.35,0.02953
16.36,0.06645
16.36,0.1034
16.37,0.1329
16.37,0.1698
16.37,0.1993
16.38,0.2363
16.39,0.2658
16.39,0.2953
16.39,0.3175
16.4,0.347
16.41,0.3691
16.41,0.3913
16.41,0.4134
16.42,0.4356
16.43,0.4504
16.43,0.4651
16.43,0.4799
16.44,0.4946
16.45,0.502
16.45,0.5094
16.46,0.5168
16.46,0.5168
16.46,0.5168
16.47,0.5168
16.48,0.5168
16.48,0.5168
16.48,0.5094
16.49,0.502
16.5,0.4873
16.5,0.4799
16.5,0.4651
16.51,0.4504
16.52,0.4356
16.52,0.4134
16.52,0.3987
16.53,0.3765
16.54,0.3544
16.54,0.3322
16.55,0.3101
16.55,0.2805
16.55,0.251
16.56,0.2363
16.57,0.2067
16.57,0.1772
16.57,0.1477
16.58,0.1181
16.59,0.08859
16.59,0.05906
16.59,0.02953
16.6,-0.007383
16.61,-0.02953
16.61,-0.05906
16.62,-0.08859
16.62,-0.1181
16.62,-0.1477
16.63,-0.1772
16.64,-0.2067
16.64,-0.2363
16.64,-0.2658
16.65,-0.2879
16.66,-0.3101
16.66,-0.3396
16.66,-0.3618
16.67,-0.3839
16.68,-0.4061
16.68,-0.4208
16.68,-0.443
16.69,-0.4577
16.7,-0.4725
16.7,-0.4873
16.71,-0.502
16.71,-0.5094
16.71,-0.5242
16.72,-0.5316
16.73,-0.5389
16.73,-0.5463
16.73,-0.5463
16.74,-0.5463
16.75,-0.5463
16.75,-0.5463
16.75,-0.5463
16.76,-0.5463
16.77,-0.5389
16.77,-0.5316
16.77,-0.5242
16.78,-0.5168
16.79,-0.502
16.79,-0.4946
16.8,-0.4799
16.8,-0.4725
16.8,-0.4577
16.81,-0.443
16.82,-0.4208
16.82,-0.4061
16.82,-0.3839
16.83,-0.3691
16.84,-0.347
16.84,-0.3248
16.84,-0.3101
16.85,-0.2879
16.86,-0.2658
16.86,-0.2436
16.87,-0.2289
16.87,-0.1993
16.87,-0.1772
16.88,-0.1624
16.89,-0.1329
16.89,-0.1107
16.89,-0.08859
16.9,-0.06645
16.91,-0.05168
16.91,-0.02953
16.91,0
16.92,0.01477
16.93,0.03691
16.93,0.05906
16.93,0.07383
16.94,0.09598
16.95,0.1107
16.95,0.1255
16.96,0.1403
16.96,0.155
16.96,0.1698
16.97,0.1846
16.98,0.192
16.98,0.1993
16.98,0.2141
16.99,0.2215
17,0.2289
17,0.2363
17,0.2363
17.01,0.2436
17.02,0.2436
17.02,0.2436
17.02,0.2436
17.03,0.2436
17.04,0.2436
17.04,0.2436
17.05,0.2363
17.05,0.2363
17.05,0.2289
17.06,0.2215
17.07,0.2141
17.07,0.2067
17.07,0.1993
17.08,0.1846
17.09,0.1772
17.09,0.1698
17.09,0.155
17.1,0.1477
17.11,0.1329
17.11,0.1181
17.12,0.1107
17.12,0.09598
17.12,0.08121
17.13,0.06645
17.14,0.05168
17.14,0.0443
17.14,0.02953
17.15,0.01477
17.16,0
17.16,-0.01477
17.16,-0.02953
17.17,-0.0443
17.18,-0.05906
17.18,-0.07383
17.18,-0.08859
17.19,-0.1034
17.2,-0.1107
17.2,-0.1255
17.21,-0.1403
17.21,-0.1477
17.21,-0.1624
17.22,-0.1698
17.23,-0.1846
17.23,-0.192
17.23,-0.1993
17.24,-0.2067
17.25,-0.2141
17.25,-0.2289
17.25,-0.2289
17.26,-0.2363
17.27,-0.2436
17.27,-0.2436
17.28,-0.251
17.28,-0.251
17.29,-0.251
17.29,-0.251
17.3,-0.251
17.3,-0.251
17.3,-0.251
17.31,-0.251
17.32,-0.251
17.32,-0.2436
17.32,-0.2436
17.33,-0.2363
17.34,-0.2363
17.34,-0.2289
17.34,-0.2215
17.35,-0.2215
17.36,-0.2141
17.36,-0.2067
17.37,-0.2067
17.37,-0.1993
17.37,-0.192
17.38,-0.1846
17.39,-0.1772
17.39,-0.1772
17.39,-0.1624
17.4,-0.155
17.41,-0.1477
17.41,-0.1477
17.41,-0.1403
17.42,-0.1329
17.43,-0.1255
17.43,-0.1181
17.43,-0.1107
17.44,-0.1034
17.45,-0.1034
17.45,-0.09598
17.46,-0.08859
17.46,-0.08859
17.46,-0.08121
17.47,-0.07383
17.48,-0.07383
17.48,-0.06645
17.48,-0.05906
17.49,-0.05906
17.5,-0.05906
17.5,-0.05168
17.5,-0.05168
17.51,-0.0443
17.52,-0.0443
17.52,-0.0443
17.53,-0.0443
17.53,-0.0443
17.54,-0.0443
17.54,-0.0443
17.55,-0.0443
17.55,-0.0443
17.55,-0.0443
17.56,-0.0443
17.57,-0.0443
17.57,-0.0443
17.57,-0.0443
17.58,-0.0443
17.59,-0.05168
17.59,-0.05168
17.59,-0.05168
17.6,-0.05168
17.61,-0.05168
17.61,-0.05906
17.62,-0.05906
17.62,-0.05906
17.62,-0.05906
17.63,-0.05906
17.64,-0.05906
17.64,-0.06645
17.64,-0.06645
17.65,-0.06645
17.66,-0.06645
17.66,-0.06645
17.66,-0.06645
17.67,-0.06645
17.68,-0.06645
17.68,-0.06645
17.68,-0.06645
17.69,-0.06645
17.7,-0.06645
17.7,-0.06645
17.71,-0.06645
17.71,-0.06645
17.71,-0.06645
17.72,-0.06645
17.73,-0.06645
17.73,-0.06645
17.73,-0.06645
17.74,-0.06645
17.75,-0.06645
17.75,-0.06645
17.75,-0.06645
17.76,-0.06645
17.77,-0.06645
17.77,-0.06645
17.78,-0.06645
17.78,-0.06645
17.79,-0.06645
17.79,-0.06645
17.8,-0.06645
17.8,-0.06645
17.8,-0.06645
17.81,-0.06645
17.82,-0.06645
17.82,-0.06645
17.82,-0.06645
17.83,-0.06645
17.84,-0.06645
17.84,-0.06645
17.84,-0.06645
17.85,-0.06645
17.86,-0.06645
17.86,-0.06645
17.87,-0.06645
17.87,-0.06645
17.87,-0.06645
17.88,-0.06645
17.89,-0.06645
17.89,-0.06645
17.89,-0.06645
17.9,-0.06645
17.91,-0.06645
17.91,-0.06645
17.91,-0.06645
17.92,-0.06645
17.93,-0.06645
17.93,-0.06645
17.93,-0.06645
17.94,-0.06645
17.95,-0.06645
17.95,-0.06645
17.96,-0.06645
17.96,-0.06645
17.96,-0.06645
17.97,-0.06645
17.98,-0.06645
17.98,-0.06645
17.98,-0.06645
17.99,-0.06645
18,-0.06645
18,-0.06645
18,-0.06645
18.01,-0.06645
18.02,-0.06645
18.02,-0.06645
18.03,-0.06645
18.03,-0.06645
18.04,-0.06645
18.04,-0.06645
18.05,-0.06645
18.05,-0.06645
18.05,-0.06645
18.06,-0.06645
18.07,-0.06645
18.07,-0.06645
18.07,-0.06645
18.08,-0.06645
18.09,-0.06645
18.09,-0.06645
18.09,-0.06645
18.1,-0.06645
18.11,-0.06645
18.11,-0.06645
18.12,-0.06645
18.12,-0.06645
18.12,-0.06645
18.13,-0.06645
18.14,-0.06645
18.14,-0.06645
18.14,-0.06645
18.15,-0.06645
18.16,-0.06645
18.16,-0.06645
18.16,-0.06645
18.17,-0.06645
18.18,-0.06645
18.18,-0.06645
18.18,-0.06645
18.19,-0.06645
18.2,-0.06645
18.2,-0.06645
18.21,-0.06645
18.21,-0.06645
18.21,-0.06645
18.22,-0.06645
18.23,-0.06645
18.23,-0.06645
18.23,-0.06645
18.24,-0.06645
18.25,-0.06645
18.25,-0.06645
18.25,-0.06645
18.26,-0.06645
18.27,-0.06645
18.27,-0.06645
18.28,-0.06645
18.28,-0.06645
18.29,-0.06645
18.29,-0.06645
18.3,-0.06645
18.3,-0.06645
18.3,-0.06645
18.31,-0.06645
18.32,-0.06645
18.32,-0.06645
18.32,-0.06645
18.33,-0.06645
18.34,-0.06645
18.34,-0.06645
18.34,-0.06645
18.35,-0.06645
18.36,-0.06645
18.36,-0.06645
18.37,-0.06645
18.37,-0.06645
18.37,-0.06645
18.38,-0.06645
18.39,-0.06645
18.39,-0.06645
18.39,-0.06645
18.4,-0.06645
18.41,-0.06645
18.41,-0.06645
18.41,-0.06645
18.42,-0.06645
18.43,-0.06645
18.43,-0.06645
18.43,-0.06645
18.44,-0.06645
18.45,-0.06645
18.45,-0.06645
18.46,-0.06645
18.46,-0.06645
18.46,-0.06645
18.47,-0.06645
18.48,-0.06645
18.48,-0.06645
18.48,-0.06645
18.49,-0.06645
18.5,-0.06645
18.5,-0.06645
18.5,-0.06645
18.51,-0.06645
18.52,-0.06645
18.52,-0.06645
18.53,-0.06645
18.53,-0.06645
18.54,-0.06645
18.54,-0.06645
18.55,-0.06645
18.55,-0.06645
18.55,-0.06645
18.56,-0.06645
18.57,-0.06645
18.57,-0.06645
18.57,-0.06645
18.58,-0.06645
18.59,-0.06645
18.59,-0.06645
18.59,-0.06645
18.6,-0.06645
18.61,-0.06645
18.61,-0.06645
18.62,-0.06645
18.62,-0.06645
18.62,-0.06645
18.63,-0.06645
18.64,-0.06645
18.64,-0.06645
18.64,-0.06645
18.65,-0.06645
18.66,-0.06645
18.66,-0.06645
18.66,-0.06645
18.67,-0.06645
18.68,-0.06645
18.68,-0.06645
18.68,-0.06645
18.69,-0.06645
18.7,-0.06645
18.7,-0.06645
18.71,-0.06645
18.71,-0.06645
18.71,-0.06645
18.72,-0.06645
18.73,-0.06645
18.73,-0.06645
18.73,-0.06645
18.74,-0.06645
18.75,-0.06645
18.75,-0.06645
18.75,-0.06645
18.76,-0.06645
18.77,-0.06645
18.77,-0.06645
18.78,-0.06645
18.78,-0.06645
18.79,-0.06645
18.79,-0.06645
18.8,-0.06645
18.8,-0.06645
18.8,-0.06645
18.81,-0.06645
18.82,-0.06645
18.82,-0.06645
18.82,-0.06645
18.83,-0.06645
18.84,-0.06645
18.84,-0.06645
18.84,-0.06645
18.85,-0.06645
18.86,-0.06645
18.86,-0.06645
18.87,-0.06645
18.87,-0.06645
18.87,-0.06645
18.88,-0.06645
18.89,-0.06645
18.89,-0.06645
18.89,-0.06645
18.9,-0.06645
18.91,-0.06645
18.91,-0.06645
18.91,-0.06645
18.92,-0.06645
18.93,-0.06645
18.93,-0.06645
18.93,-0.06645
18.94,-0.06645
18.95,-0.06645
18.95,-0.06645
18.96,-0.06645
18.96,-0.06645
18.96,-0.06645
18.97,-0.06645
18.98,-0.06645
18.98,-0.06645
18.98,-0.06645
18.99,-0.06645
19,-0.06645
19,-0.06645
19,-0.06645
19.01,-0.06645
19.02,-0.06645
19.02,-0.06645
19.03,-0.06645
19.03,-0.06645
19.04,-0.06645
19.04,-0.06645
19.05,-0.06645
19.05,-0.06645
19.05,-0.06645
19.06,-0.06645
19.07,-0.06645
19.07,-0.06645
19.07,-0.06645
19.08,-0.06645
19.09,-0.06645
19.09,-0.06645
19.09,-0.06645
19.1,-0.06645
19.11,-0.06645
19.11,-0.06645
19.12,-0.06645
19.12,-0.06645
19.12,-0.06645
19.13,-0.06645
19.14,-0.06645
19.14,-0.06645
19.14,-0.06645
19.15,-0.06645
19.16,-0.06645
19.16,-0.06645
19.16,-0.06645
19.17,-0.06645
19.18,-0.06645
19.18,-0.06645
19.18,-0.06645
19.19,-0.06645
19.2,-0.06645
19.2,-0.06645
19.21,-0.06645
19.21,-0.06645
19.21,-0.06645
19.22,-0.06645
19.23,-0.06645
19.23,-0.06645
19.23,-0.06645
19.24,-0.06645
19.25,-0.06645
19.25,-0.06645
19.25,-0.06645
19.26,-0.06645
19.27,-0.06645
19.27,-0.06645
19.28,-0.06645
19.28,-0.06645
19.29,-0.06645
19.29,-0.06645
19.3,-0.06645
19.3,-0.06645
19.3,-0.06645
19.31,-0.06645
19.32,-0.06645
19.32,-0.06645
19.32,-0.06645
19.33,-0.06645
19.34,-0.06645
19.34,-0.06645
19.34,-0.06645
19.35,-0.06645
19.36,-0.06645
19.36,-0.06645
19.37,-0.06645
19.37,-0.06645
19.37,-0.06645
19.38,-0.06645
19.39,-0.06645
19.39,-0.06645
19.39,-0.06645
19.4,-0.06645
19.41,-0.06645
19.41,-0.06645
19.41,-0.06645
19.42,-0.06645
19.43,-0.06645
19.43,-0.06645
19.43,-0.06645
19.44,-0.06645
19.45,-0.06645
19.45,-0.06645
19.46,-0.06645
19.46,-0.06645
19.46,-0.06645
19.47,-0.06645
19.48,-0.06645
19.48,-0.06645
19.48,-0.06645
19.49,-0.06645
19.5,-0.06645
19.5,-0.06645
19.5,-0.06645
19.51,-0.06645
19.52,-0.06645
19.52,-0.06645
19.53,-0.06645
19.53,-0.06645
19.54,-0.06645
19.54,-0.06645
19.55,-0.06645
19.55,-0.06645
19.55,-0.06645
19.56,-0.06645
19.57,-0.06645
19.57,-0.06645
19.57,-0.06645
19.58,-0.06645
19.59,-0.06645
19.59,-0.06645
19.59,-0.06645
19.6,-0.06645
19.61,-0.06645
19.61,-0.06645
19.62,-0.06645
19.62,-0.06645
19.62,-0.06645
19.63,-0.06645
19.64,-0.06645
19.64,-0.06645
19.64,-0.06645
19.65,-0.06645
19.66,-0.06645
19.66,-0.06645
19.66,-0.06645
19.67,-0.06645
19.68,-0.06645
19.68,-0.06645
19.68,-0.06645
19.69,-0.06645
19.7,-0.06645
19.7,-0.06645
19.71,-0.06645
19.71,-0.06645
19.71,-0.06645
19.72,-0.06645
19.73,-0.06645
19.73,-0.06645
19.73,-0.06645
19.74,-0.06645
19.75,-0.06645
19.75,-0.06645
19.75,-0.06645
19.76,-0.06645
19.77,-0.06645
19.77,-0.06645
19.78,-0.06645
19.78,-0.06645
19.79,-0.06645
19.79,-0.06645
19.8,-0.06645
19.8,-0.06645
19.8,-0.06645
19.81,-0.06645
19.82,-0.06645
19.82,-0.06645
19.82,-0.06645
19.83,-0.06645
19.84,-0.06645
19.84,-0.06645
19.84,-0.06645
19.85,-0.06645
19.86,-0.06645
19.86,-0.06645
19.87,-0.06645
19.87,-0.06645
19.87,-0.06645
19.88,-0.06645
19.89,-0.06645
19.89,-0.06645
19.89,-0.06645
19.9,-0.06645
19.91,-0.06645
19.91,-0.06645
19.91,-0.06645
19.92,-0.06645
19.93,-0.06645
19.93,-0.06645
19.93,-0.06645
19.94,-0.06645
19.95,-0.06645
19.95,-0.06645
19.96,-0.06645
19.96,-0.06645
19.96,-0.06645
19.97,-0.06645
19.98,-0.06645
19.98,-0.06645
19.98,-0.06645
19.99,-0.06645
20,-0.06645
20,-0.06645
20,-0.06645
20.01,-0.06645
20.02,-0.06645
20.02,-0.06645
20.03,-0.06645
20.03,-0.06645
20.04,-0.06645
20.04,-0.06645
20.05,-0.06645
20.05,-0.06645
20.05,-0.06645
20.06,-0.06645
20.07,-0.06645
20.07,-0.06645
20.07,-0.06645
20.08,-0.06645
20.09,-0.06645
20.09,-0.06645
20.09,-0.06645
20.1,-0.06645
20.11,-0.06645
20.11,-0.06645
20.12,-0.06645
20.12,-0.06645
20.12,-0.06645
20.13,-0.06645
20.14,-0.06645
20.14,-0.06645
20.14,-0.06645
20.15,-0.06645
20.16,-0.06645
20.16,-0.06645
20.16,-0.06645
20.17,-0.06645
20.18,-0.06645
20.18,-0.06645
20.18,-0.06645
20.19,-0.06645
20.2,-0.06645
20.2,-0.06645
20.21,-0.06645
20.21,-0.06645
20.21,-0.06645
20.22,-0.06645
20.23,-0.06645
20.23,-0.06645
20.23,-0.06645
20.24,-0.06645
20.25,-0.06645
20.25,-0.06645
20.25,-0.06645
20.26,-0.06645
20.27,-0.06645
20.27,-0.06645
20.28,-0.06645
20.28,-0.06645
20.29,-0.06645
20.29,-0.06645
20.3,-0.06645
20.3,-0.06645
20.3,-0.06645
20.31,-0.06645
20.32,-0.06645
20.32,-0.06645
20.32,-0.06645
20.33,-0.06645
20.34,-0.06645
20.34,-0.06645
20.34,-0.06645
20.35,-0.06645
20.36,-0.06645
20.36,-0.06645
20.37,-0.06645
20.37,-0.06645
20.37,-0.06645
20.38,-0.06645
20.39,-0.06645
20.39,-0.06645
20.39,-0.06645
20.4,-0.06645
20.41,-0.06645
20.41,-0.06645
20.41,-0.06645
20.42,-0.06645
20.43,-0.06645
20.43,-0.06645
20.43,-0.06645
20.44,-0.06645
20.45,-0.06645
20.45,-0.06645
20.46,-0.06645
20.46,-0.06645
20.46,-0.06645
20.47,-0.06645
20.48,-0.06645
20.48,-0.06645
20.48,-0.06645
20.49,-0.06645
20.5,-0.06645
20.5,-0.06645
20.5,-0.06645
20.51,-0.06645
20.52,-0.06645
20.52,-0.06645
20.53,-0.06645
20.53,-0.06645
20.54,-0.06645
20.54,-0.06645
20.55,-0.06645
20.55,-0.06645
20.55,-0.06645
20.56,-0.06645
20.57,-0.06645
20.57,-0.06645
20.57,-0.06645
20.58,-0.06645
20.59,-0.06645
20.59,-0.06645
20.59,-0.06645
20.6,-0.06645
20.61,-0.06645
20.61,-0.06645
20.62,-0.06645
20.62,-0.06645
20.62,-0.06645
20.63,-0.06645
20.64,-0.06645
20.64,-0.06645
20.64,-0.06645
20.65,-0.06645
20.66,-0.06645
20.66,-0.06645
20.66,-0.06645
20.67,-0.06645
20.68,-0.06645
20.68,-0.06645
20.68,-0.06645
20.69,-0.06645
20.7,-0.06645
20.7,-0.06645
20.71,-0.06645
20.71,-0.06645
20.71,-0.06645
20.72,-0.06645
20.73,-0.06645
20.73,-0.06645
20.73,-0.06645
20.74,-0.06645
20.75,-0.06645
20.75,-0.06645
20.75,-0.06645
20.76,-0.06645
20.77,-0.06645
20.77,-0.06645
20.78,-0.06645
20.78,-0.06645
20.79,-0.06645
20.79,-0.06645
20.8,-0.06645
20.8,-0.06645
20.8,-0.06645
20.81,-0.06645
20.82,-0.06645
20.82,-0.06645
20.82,-0.06645
20.83,-0.06645
20.84,-0.06645
20.84,-0.06645
20.84,-0.06645
20.85,-0.06645
20.86,-0.06645
20.86,-0.06645
20.87,-0.06645
20.87,-0.06645
20.87,-0.06645
20.88,-0.06645
20.89,-0.06645
20.89,-0.06645
20.89,-0.06645
20.9,-0.06645
20.91,-0.06645
20.91,-0.06645
20.91,-0.06645
20.92,-0.06645
20.93,-0.06645
20.93,-0.06645
20.93,-0.06645
20.94,-0.06645
20.95,-0.06645
20.95,-0.06645
20.96,-0.06645
20.96,-0.06645
20.96,-0.06645
20.97,-0.06645
20.98,-0.06645
20.98,-0.06645
20.98,-0.06645
20.99,-0.06645
21,-0.06645
21,-0.06645
21,-0.06645
21.01,-0.06645
21.02,-0.06645
21.02,-0.06645
21.03,-0.06645
21.03,-0.06645
21.04,-0.06645
21.04,-0.06645
21.05,-0.06645
21.05,-0.06645
21.05,-0.06645
21.06,-0.06645
21.07,-0.06645
21.07,-0.06645
21.07,-0.06645
21.08,-0.06645
21.09,-0.06645
21.09,-0.06645
21.09,-0.06645
21.1,-0.06645
21.11,-0.06645
21.11,-0.06645
21.12,-0.06645
21.12,-0.06645
21.12,-0.06645
21.13,-0.06645
21.14,-0.06645
21.14,-0.06645
21.14,-0.06645
21.15,-0.06645
21.16,-0.06645
21.16,-0.06645
21.16,-0.06645
21.17,-0.06645
21.18,-0.06645
21.18,-0.06645
21.18,-0.06645
21.19,-0.06645
21.2,-0.06645
21.2,-0.06645
21.21,-0.06645
21.21,-0.06645
21.21,-0.06645
21.22,-0.06645
21.23,-0.06645
21.23,-0.06645
21.23,-0.06645
21.24,-0.06645
21.25,-0.06645
21.25,-0.06645
21.25,-0.06645
21.26,-0.06645
21.27,-0.06645
21.27,-0.06645
21.28,-0.06645
21.28,-0.06645
21.29,-0.06645
21.29,-0.06645
21.3,-0.06645
21.3,-0.06645
21.3,-0.06645
21.31,-0.06645
21.32,-0.06645
21.32,-0.06645
21.32,-0.06645
21.33,-0.06645
21.34,-0.06645
21.34,-0.06645
21.34,-0.06645
21.35,-0.06645
21.36,-0.06645
21.36,-0.06645
21.37,-0.06645
21.37,-0.06645
21.37,-0.06645
21.38,-0.06645
21.39,-0.06645
21.39,-0.06645
21.39,-0.06645
21.4,-0.06645
21.41,-0.06645
21.41,-0.06645
21.41,-0.06645
21.42,-0.06645
21.43,-0.06645
21.43,-0.06645
21.43,-0.06645
21.44,-0.06645
21.45,-0.06645
21.45,-0.06645
21.46,-0.06645
21.46,-0.06645
21.46,-0.06645
21.47,-0.06645
21.48,-0.06645
21.48,-0.06645
21.48,-0.06645
21.49,-0.06645
21.5,-0.06645
21.5,-0.06645
21.5,-0.06645
21.51,-0.06645
21.52,-0.06645
21.52,-0.06645
21.53,-0.06645
21.53,-0.06645
21.54,-0.06645
21.54,-0.06645
21.55,-0.06645
21.55,-0.06645
21.55,-0.06645
21.56,-0.06645
21.57,-0.06645
21.57,-0.06645
21.57,-0.06645
21.58,-0.06645
21.59,-0.06645
21.59,-0.06645
21.59,-0.06645
21.6,-0.06645
21.61,-0.06645
21.61,-0.06645
21.62,-0.06645
21.62,-0.06645
21.62,-0.06645
21.63,-0.06645
21.64,-0.06645
21.64,-0.06645
21.64,-0.06645
21.65,-0.06645
21.66,-0.06645
21.66,-0.06645
21.66,-0.06645
21.67,-0.06645
21.68,-0.06645
21.68,-0.06645
21.68,-0.06645
21.69,-0.06645
21.7,-0.06645
21.7,-0.06645
21.71,-0.06645
21.71,-0.06645
21.71,-0.06645
21.72,-0.06645
21.73,-0.06645
21.73,-0.06645
21.73,-0.06645
21.74,-0.06645
21.75,-0.06645
21.75,-0.06645
21.75,-0.06645
21.76,-0.06645
21.77,-0.06645
21.77,-0.06645
21.78,-0.06645
21.78,-0.06645
21.79,-0.06645
21.79,-0.06645
21.8,-0.06645
21.8,-0.06645
21.8,-0.06645
21.81,-0.06645
21.82,-0.06645
21.82,-0.06645
21.82,-0.06645
21.83,-0.06645
21.84,-0.06645
21.84,-0.06645
21.84,-0.06645
21.85,-0.06645
21.86,-0.06645
21.86,-0.06645
21.87,-0.06645
21.87,-0.06645
21.87,-0.06645
21.88,-0.06645
21.89,-0.06645
21.89,-0.06645
21.89,-0.06645
21.9,-0.06645
21.91,-0.06645
21.91,-0.06645
21.91,-0.06645
21.92,-0.06645
21.93,-0.06645
21.93,-0.06645
21.93,-0.06645
21.94,-0.06645
21.95,-0.06645
21.95,-0.06645
21.96,-0.06645
21.96,-0.06645
21.96,-0.06645
21.97,-0.06645
21.98,-0.06645
21.98,-0.06645
21.98,-0.06645
21.99,-0.06645
22,-0.06645
22,-0.06645
22,-0.06645
22.01,-0.06645
22.02,-0.06645
22.02,-0.06645
22.03,-0.06645
22.03,-0.06645
22.04,-0.06645
22.04,-0.06645
22.05,-0.06645
22.05,-0.06645
22.05,-0.06645
22.06,-0.06645
22.07,-0.06645
22.07,-0.06645
22.07,-0.06645
22.08,-0.06645
22.09,-0.06645
22.09,-0.06645
22.09,-0.06645
22.1,-0.06645
22.11,-0.06645
22.11,-0.06645
22.12,-0.06645
22.12,-0.06645
22.12,-0.06645
22.13,-0.06645
22.14,-0.06645
22.14,-0.06645
22.14,-0.06645
22.15,-0.06645
22.16,-0.06645
22.16,-0.06645
22.16,-0.06645
22.17,-0.06645
22.18,-0.06645
22.18,-0.06645
22.18,-0.06645
22.19,-0.06645
22.2,-0.06645
22.2,-0.06645
22.21,-0.06645
22.21,-0.06645
22.21,-0.06645
22.22,-0.06645
22.23,-0.06645
22.23,-0.06645
22.23,-0.06645
22.24,-0.06645
22.25,-0.06645
22.25,-0.06645
22.25,-0.06645
22.26,-0.06645
22.27,-0.06645
22.27,-0.06645
22.28,-0.06645
22.28,-0.06645
22.29,-0.06645
22.29,-0.06645
22.3,-0.06645
22.3,-0.06645
22.3,-0.06645
22.31,-0.06645
22.32,-0.06645
22.32,-0.06645
22.32,-0.06645
22.33,-0.06645
22.34,-0.06645
22.34,-0.06645
22.34,-0.06645
22.35,-0.06645
22.36,-0.06645
22.36,-0.06645
22.37,-0.06645
22.37,-0.06645
22.37,-0.06645
22.38,-0.06645
22.39,-0.06645
22.39,-0.06645
22.39,-0.06645
22.4,-0.06645
22.41,-0.06645
22.41,-0.06645
22.41,-0.06645
22.42,-0.06645
22.43,-0.06645
22.43,-0.06645
22.43,-0.06645
22.44,-0.06645
22.45,-0.06645
22.45,-0.06645
22.46,-0.06645
22.46,-0.06645
22.46,-0.06645
22.47,-0.06645
22.48,-0.06645
22.48,-0.06645
22.48,-0.06645
22.49,-0.06645
22.5,-0.06645
22.5,-0.06645
22.5,-0.06645
22.51,-0.06645
22.52,-0.06645
22.52,-0.06645
22.53,-0.06645
22.53,-0.06645
22.54,-0.06645
22.54,-0.06645
22.55,-0.06645
22.55,-0.06645
22.55,-0.06645
22.56,-0.06645
22.57,-0.06645
22.57,-0.06645
22.57,-0.06645
22.58,-0.06645
22.59,-0.06645
22.59,-0.06645
22.59,-0.06645
22.6,-0.06645
22.61,-0.06645
22.61,-0.06645
22.62,-0.06645
22.62,-0.06645
22.62,-0.06645
22.63,-0.06645
22.64,-0.06645
22.64,-0.06645
22.64,-0.06645
22.65,-0.06645
22.66,-0.06645
22.66,-0.06645
22.66,-0.06645
22.67,-0.06645
22.68,-0.06645
22.68,-0.06645
22.68,-0.06645
22.69,-0.06645
22.7,-0.06645
22.7,-0.06645
22.71,-0.06645
22.71,-0.06645
22.71,-0.06645
22.72,-0.06645
22.73,-0.06645
22.73,-0.06645
22.73,-0.06645
22.74,-0.06645
22.75,-0.06645
22.75,-0.06645
22.75,-0.06645
22.76,-0.06645
22.77,-0.06645
22.77,-0.06645
22.78,-0.06645
22.78,-0.06645
22.79,-0.06645
22.79,-0.06645
22.8,-0.06645
22.8,-0.06645
22.8,-0.06645
22.81,-0.06645
22.82,-0.06645
22.82,-0.06645
22.82,-0.06645
22.83,-0.06645
22.84,-0.06645
22.84,-0.06645
22.84,-0.06645
22.85,-0.06645
22.86,-0.06645
22.86,-0.06645
22.87,-0.06645
22.87,-0.06645
22.87,-0.06645
22.88,-0.06645
22.89,-0.06645
22.89,-0.06645
22.89,-0.06645
22.9,-0.06645
22.91,-0.06645
22.91,-0.06645
22.91,-0.06645
22.92,-0.06645
22.93,-0.06645
22.93,-0.06645
22.93,-0.06645
22.94,-0.06645
22.95,-0.06645
22.95,-0.06645
22.96,-0.06645
22.96,-0.06645
22.96,-0.06645
22.97,-0.06645
22.98,-0.06645
22.98,-0.06645
22.98,-0.06645
22.99,-0.06645
23,-0.06645
23,-0.06645
23,-0.06645
23.01,-0.06645
23.02,-0.06645
23.02,-0.06645
23.03,-0.06645
23.03,-0.06645
23.04,-0.06645
23.04,-0.06645
23.05,-0.06645
23.05,-0.06645
23.05,-0.06645
23.06,-0.06645
23.07,-0.06645
23.07,-0.06645
23.07,-0.06645
23.08,-0.06645
23.09,-0.06645
23.09,-0.06645
23.09,-0.06645
23.1,-0.06645
23.11,-0.06645
23.11,-0.06645
23.12,-0.06645
23.12,-0.06645
23.12,-0.06645
23.13,-0.06645
23.14,-0.06645
23.14,-0.06645
23.14,-0.06645
23.15,-0.06645
23.16,-0.06645
23.16,-0.06645
23.16,-0.06645
23.17,-0.06645
23.18,-0.06645
23.18,-0.06645
23.18,-0.06645
23.19,-0.06645
23.2,-0.06645
23.2,-0.06645
23.21,-0.06645
23.21,-0.06645
23.21,-0.06645
23.22,-0.06645
23.23,-0.06645
23.23,-0.06645
23.23,-0.06645
23.24,-0.06645
23.25,-0.06645
23.25,-0.06645
23.25,-0.06645
23.26,-0.06645
23.27,-0.06645
23.27,-0.06645
23.28,-0.06645
23.28,-0.06645
23.29,-0.06645
23.29,-0.06645
23.3,-0.06645
23.3,-0.06645
23.3,-0.06645
23.31,-0.06645
23.32,-0.06645
23.32,-0.06645
23.32,-0.06645
23.33,-0.06645
23.34,-0.06645
23.34,-0.06645
23.34,-0.06645
23.35,-0.06645
23.36,-0.06645
23.36,-0.06645
23.37,-0.06645
23.37,-0.06645
23.37,-0.06645
23.38,-0.06645
23.39,-0.06645
23.39,-0.06645
23.39,-0.06645
23.4,-0.06645
23.41,-0.06645
23.41,-0.06645
23.41,-0.06645
23.42,-0.06645
23.43,-0.06645
23.43,-0.06645
23.43,-0.06645
23.44,-0.06645
23.45,-0.06645
23.45,-0.06645
23.46,-0.06645
23.46,-0.06645
23.46,-0.06645
23.47,-0.06645
23.48,-0.06645
23.48,-0.06645
23.48,-0.06645
23.49,-0.06645
23.5,-0.06645
23.5,-0.06645
23.5,-0.06645
23.51,-0.06645
23.52,-0.06645
23.52,-0.06645
23.53,-0.06645
23.53,-0.06645
23.54,-0.06645
23.54,-0.06645
23.55,-0.06645
23.55,-0.06645
23.55,-0.06645
